,bench,bin,bus,comment,public_transport,shelter,addr_city,addr_housenumber,addr_street,amenity,automated,opening_hours,phone,self_service,addr_region,email,is_in_neighbourhood,office,contact_email,contact_phone,contact_website,level,shop,operator,operator_ref_inn,payment_cash,payment_credit_cards,payment_debit_cards,addr_postcode,description,was_amenity,was_shop,access,addr_country,parking,official_name,website,contact_facebook,contact_instagram,contact_ok,contact_tiktok,contact_twitter,contact_vk,contact_youtube,opening_hours_url,operator_ref_kpp,operator_ref_ogrn,cuisine,smoking,brand,brand_wikidata,brand_wikipedia,name_en,name_ru,payment_maestro,payment_mastercard,payment_visa,payment_visa_debit,leisure,foot,ford,contact_telegram,contact_zenyandex,wheelchair,noexit,power,car_service,alt_name,healthcare,atm,branch,brand_en,short_name,brand_ru,delivery,diet_vegetarian,takeaway,building,entrance
1978352540,no,no,yes,ост. маршрута 377 \Хоругвино (Городок) - Зеленоград (ст. Крюково)\ - ГУП МО \Мострансавто\,platform,no,,,,,,,,,,,,,,,,,,,,,,,,,,,,,,,,,,,,,,,,,,,,,,,,,,,,,,,,,,,,,,,,,,,,,,,,,
8859384582,,,,,,,Зеленоград,7,проспект Генерала Алексеева,car_wash,no,Mo-Su 09:00-20:00,+7 (919) 969-66-07,no,,,,,,,,,,,,,,,,,,,,,,,,,,,,,,,,,,,,,,,,,,,,,,,,,,,,,,,,,,,,,,,,,
4141642689,,,,,,,Зеленоград,к402,,,,Mo-Fr 09:00-18:00,+7 926 8555851,,Москва,79268555851@mail.ru,4-й микрорайон,lawyer,,,,,,,,,,,,,,,,,,,,,,,,,,,,,,,,,,,,,,,,,,,,,,,,,,,,,,,,,,,,,
2343318345,no,no,yes,ост. маршрута 903 \г. Зеленоград (ст. Крюково) - платф. Фирсановка\ - ОАО \ГРУППА-АВТОЛАЙН\,platform,no,,,,,,,,,,,,,,,,,,,,,,,,,,,,,,,,,,,,,,,,,,,,,,,,,,,,,,,,,,,,,,,,,,,,,,,,,
5408051474,,,,ИНН 7721793895;ООО \Комус\,,,,,,,,Mo-Su 10:00-22:00,,,,,,,panfilovskiy@komus.net,+7 495 2582588;+7 495 9951257,https://www.komus.ru/,1,stationery,,,,,,,,,,,,,,,,,,,,,,,,,,,,,,,,,,,,,,,,,,,,,,,,,,,,,,,,
6734434011,,,,,,,,,,,,Mo-Sa 09:00-21:00; Su 10:00-18:00,+7 499 7297790,,,,,,,,,,hairdresser,ИП Давыдова О.В.,773565032054,yes,no,no,,,,,,,,,,,,,,,,,,,,,,,,,,,,,,,,,,,,,,,,,,,,,,,,,,,
1012673237,,,,\с 18:00 до последнего гостя\,,,Зеленоград,2,Яблоневая аллея,bar,,18:00+ \till last guest\,+7 499 2724199,,,,,,,,,,,,,,,,,,,,,,,,,,,,,,,,,,,,,,,,,,,,,,,,,,,,,,,,,,,,,,,,,,
1775322352,,,,ООО \Копейка-Москва\,,,Зеленоград,к360,,,,09:00-23:00,,,,,3-й микрорайон,,,,,0,supermarket,,,,,,124483,,,,,,,,,,,,,,,,,,,,,,,,,,,,,,,,,,,,,,,,,,,,,,,,,,
7056619723,,,,"ИП Соколовская Е.С., ИНН 773574067409; закрыт ~в конце 2020",,,,,,,,10:00-21:00,,,,,,,,,,,,,,,,,,Магазин здорового питания & кафе,cafe,convenience,,,,,,,,,,,,,,,,,,,,,,,,,,,,,,,,,,,,,,,,,,,,,,,
850684778,,,,Стоянка дворца творчества,,,Зеленоград,,площадь Колумба,parking,,,,,Москва,,,,,,,,,,,,,,,,,,customers,RU,surface,,,,,,,,,,,,,,,,,,,,,,,,,,,,,,,,,,,,,,,,,,,,
6812176062,,,,,,,,,,,,24/7,,,,,,,info@ligastavok.ru,+7 800 5554455,https://www.ligastavok.ru/,,bookmaker,Первая международная букмекерская компания,,,,,,,,,,,,,,,,,,,,,,,,,,,,,,,,,,,,,,,,,,,,,,,,,,,,,,,
2326044979,,,,"УСЗН, ПФР, УФМС, УФНС. Ведомства имеют разный график работы. Количество окон приёма - 22",,,,,,,,Mo-Fr 08:00-20:00; Sa 09:00-16:00,+7 499 9401555,,,,,government,,,,,,,,,,,,,,,,,,Межрайонный многофункциональный центр предоставления государственных услуг Матушкино и Савёлки,https://pgu.mos.ru/ru/mfc/1010/,,,,,,,,,,,,,,,,,,,,,,,,,,,,,,,,,,,,,,,,,,
8856497817,,,,,,,,,,,,Mo-Su 10:00-22:00,,,,,,,,+7 800 7005127;+7 495 9895966,https://leonardo.ru,2,craft,АО «Планета увлечений»,7705814643,,,,,,,,,,,,,https://www.facebook.com/leonardogroup/,https://www.instagram.com/leonardo.hobby/,https://ok.ru/group/54798059307028,https://www.tiktok.com/@leonardo.hobby?,https://twitter.com/Leonardohobby,https://vk.com/leonardogroup,https://www.youtube.com/user/leonardohobby,https://leonardo.ru/shop/msk28/,771901001,1077761771537,,,,,,,,,,,,,,,,,,,,,,,,,,,,,,,,
2193022358,,,,,,,Зеленоград,к435,,cafe,,24/7,+7 925 8566139,,,,4-й микрорайон,,,,,0,,MORE Project,,,,,,,,,,,,,,,,,,,,,,,,american,no,,,,,,,,,,,,,,,,,,,,,,,,,,,,,,
5407986823,,,,ООО \Афина\; ИНН 7751044741,,,,,,,,Mo-Sa 11:00-19:00; Su 11:00-18:00,+7 499 7347331,,,,,,,,,,general,,,,,,,"не очень стандартная домашняя утварь, одежда и т.п.",,,,,,,,,,,,,,,,,,,,,,,,,,,,,,,,,,,,,,,,,,,,,,,,,
4031886925,,,,АО \РТК\; ИНН 7709356049,,,,,,,,,+7 800 2500890,,,,,telecommunication,,+7 800 2500890,https://shop.mts.ru,0,mobile_phone,,,,,,,,,,,,,,,https://www.facebook.com/mts,,https://ok.ru/mts,,https://twitter.com/ru_mts,https://vk.com/mts,,,,,,,МТС,Q1368919,ru:МТС (компания),MTS,МТС,,,,,,,,,,,,,,,,,,,,,,,,,
6160956986,,,,,,,,,,restaurant,,Su-Th 12:00-24:00; Fr-Sa 12:00-03:00,+7 499 7624341;+7 499 7624430,,,restoran-amsterdam@mail.ru,,,,,,,,,,,,,,,,,,,,,http://ресторан-амстердам.рф/,,,,,,,,,,,,,,,,Chilli,Чили,,,,,,,,,,,,,,,,,,,,,,,,,
7503238365,,,,,,,Зеленоград,к330,,clinic,,Mo-Fr 08:00-20:00; Sa 09:00-20:00; Su 09:00-18:00,+7 499 7368503,,,,3-й микрорайон,,,,,,,,,,,,,,,,,,,,https://nikormed.ru/,,,,,,,,,,,,,,,,,,,,,,,,,,,,,,,,,,,,,,,,,,
8767186316,,,,,,,,,,,,Mo-Fr 09:00-20:00; Sa-Su 09:00-18:00,,,,,,,,+7 916 3227444,,,hairdresser,ИП Данилова Наталья Станиславовна,121302784550,,,,,,,,,,,,,,,,,,,,,,317121500018332,,,,,,,,,,,,,,,,,,,,,,,,,,,,,,,,
3007590562,,,,,,,Зеленоград,1,Крюковская площадь,,,10:00-22:00,+7 495 2761064,,,,,,,,,0,shoes,,,,,,,,,,,,,,https://www.chestershoes.ru/shops/russia/zelenograd/,,,,,,,,,,,,,,,,,,,,,,,,,,,,,,,,,,,,,,,,,,
8039232585,,,,,,,,1508,,,,Mo-Su 10:00-21:00,+7 926 0793851,,,,15-й микрорайон,,,,,,e-cigarette,,,,,,124365,,,,,,,,http://вкусипар.рф,,,,,,,,,,,,,,,,Vkusi Par Vape Shop,,,,,,,,,,,,,,,,,,,,,,,,,,
3007590572,,,,,,,Зеленоград,1,Крюковская площадь,,,10:00-22:00,+7 495 6663316;+7 800 7707567,,,,,,client@lensmaster.ru,,https://www.lensmaster.ru,0,optician,,7707245632,,,,,,,,,,,,,https://www.facebook.com/lensmaster,https://www.instagram.com/lensmaster.ru,,,,https://vk.com/lensmaster,https://www.youtube.com/user/LensmasterOnline,,772201001,1027739829281,,,Линзмастер,Q16671388,ru:Линзмастер,,Линзмастер,,,,,,,,,,,,,,,,,,,,,,,,,
6774791717,,,,,,,Зеленоград,124365,Заводская улица,,,Mo-Su 10:00-20:00,+7 926 0203013,,,info@izballoon.ru,,,,,,,gift,,,yes,yes,yes,124365,"Шары, подарки, упаковка",,,,,,,http://izballoon.ru,,,,,,,,,,,,,,,,,,yes,yes,yes,yes,,,,,,,,,,,,,,,,,,,,,
4330530192,,,,,,,,,,,,Mo-Fr 06:30-24:00; Sa-Su 8:30-22:00,,,,,,,,+7 495 6041144,https://msk.alexfitness.ru/zelenograd/,,,,,,,,,,,,,,,,,https://www.facebook.com/alexfitness.official/,https://www.instagram.com/alexfitness_official/,,,,https://vk.com/alexfitness,https://www.youtube.com/channel/UC3LRkTbG7_MB6rFNJOMqpmQ,https://msk.alexfitness.ru/zelenograd/,,,,,Alex Fitness,,,,,,,,,fitness_centre,,,,,,,,,,,,,,,,,,,,
4031886929,,,,,,,,,,,,,,,,,,,,,,0,,,,,,,,,,,,,,,,,,,,,,,,,,,,,,,,,,,,,,,,,,,,,,,,,,,,,,,,,
2343318347,no,yes,yes,ост. маршрута 431м - \ст.м. \Речной вокзал\ - г. Зеленоград (ст. Крюково)\ - ОАО \Группа-Автолайн\,platform,no,,,,,,,,,,,,,,,,,,,,,,,,,,,,,,,,,,,,,,,,,,,,,,,,,,,,,,,,,,,,,,,,,,,,,,,,,
1844409862,,,,,,,,,,,,,,,,,,,,,,,,,,,,,,,,,,,,,,,,,,,,,,,,,,,,,,,,,,,,yes,,,,,,,,,,,,,,,,,,,
593348855,,,,,,,,,,,,,,,,,,,,,,,,,,,,,,,,,,,,,,,,,,,,,,,,,,,,,,,,,,,,yes,,,,,,,,,,,,,,,,,,,
2310082609,,,,,,,,,,,,,,,,,,,,,,,,,,,,,,,,,,,,,,,,,,,,,,,,,,,,,,,,,,,,yes,,,,,,,,,,,,,,,,,,,
1800942743,,,,,,,,,,,,,,,,,,,,,,,,,,,,,,,,,,,,,,,,,,,,,,,,,,,,,,,,,,,,yes,,,,,,,,,,,,,,,,,,,
669515030,,,,,,,,,,,,,,,,,,,,,,,,,,,,,,,,,,,,,,,,,,,,,,,,,,,,,,,,,,,,yes,,,,,,,,,,,,,,,,,,,
4157620888,,,,,,,,,,,,,,,,,,,,,,,,,,,,,,,,,,,,,,,,,,,,,,,,,,,,,,,,,,,,yes,,,,,,,,,,,,,,,,,,,
504894192,,,,,,,,,,,,,,,,,,,,,,,,,,,,,,,,,,,,,,,,,,,,,,,,,,,,,,,,,,,,yes,,,,,,,,,,,,,,,,,,,
1922184119,,,,,,,,,,,,,,,,,,,,,,,,,,,,,,,,,,,,,,,,,,,,,,,,,,,,,,,,,,,,yes,,,,,,,,,,,,,,,,,,,
1800942753,,,,,,,,,,,,,,,,,,,,,,,,,,,,,,,,,,,,,,,,,,,,,,,,,,,,,,,,,,,,yes,,,,,,,,,,,,,,,,,,,
1847370014,,,,,,,,,,,,,,,,,,,,,,,,,,,,,,,,,,,,,,,,,,,,,,,,,,,,,,,,,,,,yes,,,,,,,,,,,,,,,,,,,
669518822,,,,,,,,,,,,,,,,,,,,,,,,,,,,,,,,,,,,,,,,,,,,,,,,,,,,,,,,,,,,yes,,,,,,,,,,,,,,,,,,,
1862176545,,,,,,,,,,,,,,,,,,,,,,,,,,,,,,,,,,,,,,,,,,,,,,,,,,,,,,,,,,,,yes,,,,,,,,,,,,,,,,,,,
6466396425,,,,,,,,,,,,,,,,,,,,,,,,,,,,,,,,,,,,,,,,,,,,,,,,,,,,,,,,,,,,,yes,,,,,,,,,,,,,,,,,,
6910246736,,,,,,,,,,,,,,,,,,,,,,,,,,,,,,,,,,,,,,,,,,,,,,,,,,,,,,,,,,,,,yes,,,,,,,,,,,,,,,,,,
6466396437,,,,,,,,,,,,,,,,,,,,,,,,,,,,,,,,,,,,,,,,,,,,,,,,,,,,,,,,,,,,,yes,,,,,,,,,,,,,,,,,,
1055522405,,,,,,,,,,,,,,,,,,,,,,,car,,,,,,,,,,,,,,,,,,,,,,,,,,,,,,,,,,,,,,,,,,,,,,,,,,,,,,,,
1603326564,,,,,,,,,,,,,,,,,,,,,,,car,,,,,,,,,,,,,,,,,,,,,,,,,,,,,,,,,,,,,,,,,,,,,,,,,,,,,,,,
3520034216,,,,,,,,,,,,,,,,,,,,,,,car,,,,,,,,,,,,,,,,,,,,,,,,,,,,,,,,,,,,,,,,,,,,,,,,,,,,,,,,
1055522381,,,,,,,,,,,,,,,,,,,,,,,car,,,,,,,,,,,,,,,,,,,,,,,,,,,,,,,,,,,,,,,,,,,,,,,,,,,,,,,,
1693354460,,,,,,,,,,,,,,,,,,,,,,,pet,,,,,,,,,,,,,,,,,,,,,,,,,,,,,,,,,,,,,,,,,,,,,,,,,,,,,,,,
3007590540,,,,\Модная бижутерия и аксессуары\,,,Зеленоград,1,Крюковская площадь,,,,,,,,,,,,,0,yes,,,,,,,,,,,,,,www.divarussia.ru/magaziny/zelenograd/2985/,,,,,,,,,,,,,,,,,,,,,,,,,,,,,,,,,,,,,,,,,,
8765181800,,,,,,,,,,,,Mo-Su 09:00-22:00,,,,,,,info@izbenka.msk.ru,+7 925 7862216;+7 495 6638602,https://vkusvill.ru/shops/?shop_id=2909,0,convenience,,,,,,,,,,,,,,,https://www.facebook.com/vkusvill.ru,https://www.instagram.com/vkusvill_ru/,,,https://twitter.com/we_are_vkusvill,https://vk.com/vkusvill_ru,https://www.youtube.com/channel/UC8f84TEqxTcS6LGv9Lbi8uw,https://vkusvill.ru/shops/?shop_id=3576,,,,,ВкусВилл,,,,ВкусВилл,,,,,,,,https://t.me/VkusVillBot,https://zen.yandex.ru/id/5eccf4cee78c0a7ba565e093,yes,,,,,,,,,,,,,,,
7058662893,,,,,,,,,,,,,,,,,,,,,,,,,,,,,,,,,no,,,,,,,,,,,,,,,,,,,,,,,,,,,,,,,,,,,,,,,,,,,,,,
6466396431,,,,,,,,,,,,,,,,,,,,,,,,,,,,,,,,,no,,,,,,,,,,,,,,,,,,,,,,,,,,,,,,,,,,,,,,,,,,,,,,
1843178726,,,,,,,,,,,,,,,,,,,,,,,mall,,,,,,,,,,,,,,,,,,,,,,,,,,,,,,,,,,,,,,,,,,,,,,,,,,,,,,,,
1775322386,,,,,,,,,,,,,,,,,,,,,,,mall,,,,,,,,,,,,,,,,,,,,,,,,,,,,,,,,,,,,,,,,,,,,,,,,,,,,,,,,
3007590541,,,,,,,Зеленоград,1,Крюковская площадь,,,10:00-22:00,,,,,,,info@ecco-ros.ru,+7 495 6412525;+7 495 9335685;+7 800 4442525,https://ecco.ru/,0,shoes,«Экко-Рос»,,,,,,,,,,,,,,https://www.facebook.com/eccoru,https://instagram.com/ecco_ru,https://ok.ru/eccoru,,,https://vk.com/eccoru,,,,,,,,,,,,,,,,,,,,,,,,,,,,,,,,,,,,
2429891831,,,,,,,,,,,,,,,,,,,,,,,,,,,,,,,,,yes,,,,,,,,,,,,,,,,,,,,,,,,,,,,,,,,,,,,,,,,,,,,,,
2999604171,,,,,,,,,,,,,,,,,,,,,,,,,,,,,,,,,,,,,,,,,,,,,,,,,,,,,,,,,,,,,,,,,yes,,,,,,,,,,,,,,
4568952668,,,,,,,,,,,,,,,,,,,,,,,,,,,,,,,,,,,,,,,,,,,,,,,,,,,,,,,,,,,,,,,,,,pole,,,,,,,,,,,,,
2429948975,,,,,,,,,,,,,,,,,,,,,,,,,,,,,,,,,,,,,,,,,,,,,,,,,,,,,,,,,,,,,,,,,,pole,,,,,,,,,,,,,
4008209873,,,,,,,,,,,,,,,,,,,,,,,,,,,,,,,,,,,,,,,,,,,,,,,,,,,,,,,,,,,,,,,,,,pole,,,,,,,,,,,,,
4008209831,,,,,,,,,,,,,,,,,,,,,,,,,,,,,,,,,,,,,,,,,,,,,,,,,,,,,,,,,,,,,,,,,,pole,,,,,,,,,,,,,
7579079068,,,,,,,,,,,,,,,,,,,,,,,,,,,,,,,,,,,,,,,,,,,,,,,,,,,,,,,,,,,,,,,,,,pole,,,,,,,,,,,,,
7952141870,,,,,,,,,,,,,,,,,,,,,,,,,,,,,,,,,,,,,,,,,,,,,,,,,,,,,,,,,,,,,,,,,,pole,,,,,,,,,,,,,
3819471505,,,,,,,,,,,,,,,,,,,,,,,,,,,,,,,,,,,,,,,,,,,,,,,,,,,,,,,,,,,,,,,,,,pole,,,,,,,,,,,,,
7579079069,,,,,,,,,,,,,,,,,,,,,,,,,,,,,,,,,,,,,,,,,,,,,,,,,,,,,,,,,,,,,,,,,,pole,,,,,,,,,,,,,
2429948474,,,,,,,,,,,,,,,,,,,,,,,,,,,,,,,,,,,,,,,,,,,,,,,,,,,,,,,,,,,,,,,,,,pole,,,,,,,,,,,,,
4008209832,,,,,,,,,,,,,,,,,,,,,,,,,,,,,,,,,,,,,,,,,,,,,,,,,,,,,,,,,,,,,,,,,,pole,,,,,,,,,,,,,
4008212491,,,,,,,,,,,,,,,,,,,,,,,,,,,,,,,,,,,,,,,,,,,,,,,,,,,,,,,,,,,,,,,,,,pole,,,,,,,,,,,,,
1055522359,,,,,,,,,,,,,,,,,,,,,,,books,,,,,,,,,,,,,,,,,,,,,,,,,,,,,,,,,,,,,,,,,,,,,,,,,,,,,,,,
1124897690,,,,,,,,,,,,,,,,,,,,,,,kiosk,,,,,,,,,,,,,,,,,,,,,,,,,,,,,,,,,,,,,,,,,,,,,,,,,,,,,,,,
4721829341,,,,,,,,,,,,,,,,,,,,,,,kiosk,,,,,,,,,,,,,,,,,,,,,,,,,,,,,,,,,,,,,,,,,,,,,,,,,,,,,,,,
1075210077,,,,,,,,,,,,,,,,,,,,,,,paint,,,,,,,,,,,,,,,,,,,,,,,,,,,,,,,,,,,,,,,,,,,,,,,,,,,,,,,,
8348673432,,,,,,,,,,,,,,,,,,,,,,,shoes,,,,,,,,,,,,,,,,,,,,,,,,,,,,,,,,,,,,,,,,,,,,,,,,,,,,,,,,
5813307081,,,,,,,,,,,,,,,,,,,,,,,shoes,,,,,,,,,,,,,,,,,,,,,,,,,,,,,,,,,,,,,,,,,,,,,,,,,,,,,,,,
1267923542,,,,,,,Зеленоград,,Сосновая аллея,,,,,,Москва,,,,,,,,car_repair,,,,,,,"Ремонт, автозапчасти Alfa Romeo, Fiat, Lancia",,,,RU,,,,,,,,,,,,,,,,,,,,,,,,,,,,,,,,,breakdown;inspection,,,,,,,,,,,,
4724714391,,,,,,,,,,,,,,,,,,,,+7 800 5555505,https://5ka.ru,,supermarket,,,,,,,,,,,,,,,https://www.facebook.com/pyaterochka,,,,,,,,,,,,Пятёрочка,,,Pyatyorochka,Пятёрочка,,,,,,,,,,,,,,Пятерочка,,,,,,,,,,,
4865873690,,,,,,,,,,pharmacy,,Mo-Su 10:00-22:00,,,,,,,,,http://aptekamega.ru/,,,,,,,,,,,,,,,,,https://www.facebook.com/%D0%90-%D0%9C%D0%B5%D0%B3%D0%B0-1612267465700474/,,,,,,,,,,,,А-мега,,,,А-мега,,,,,,,,,,,,,,,pharmacy,,,,,,,,,,
1783722192,,,,,,,,,,bank,,Mo-Fr 09:30-20:00; Sa 10:00-16:00,,,,,,,info@psbank.ru,,http://www.psbank.ru,,,ПAO «Промсвязьбанк»,,,,,,,,,,,,,,,,,,,,,,,,,,Промсвязьбанк,Q649100,ru:Промсвязьбанк,Promsvyazbank,Промсвязьбанк,,,,,,,,,,,,,,,,yes,Дополнительный офис \Зеленоградский\,Promsvyazbank,ПСБ,,,,,,
5009242121,,,,,,,,,,fast_food,,"Mo-Th,Sa-Su 10:00-22:30; Fr 12:00-22:30",,,,,16-й микрорайон,,feedback@dodopizza.com,+7 800 3020060,https://dodopizza.ru,-1,,,,,,,,,,,,,,,,https://www.facebook.com/dodopizza/,https://www.instagram.com/dodopizza,,,,https://vk.com/dodo,,https://dodopizza.ru/zelenograd/contacts,,,pizza,,Додо Пицца,Q61949318,ru:Додо Пицца,Dodo Pizza,Додо Пицца,,,,,,,,,,,,,,,,,,Dodo Pizza,,Додо Пицца,yes,yes,yes,,
961409067,,,,,,,,,,bar,,,,,,,,,,,,,,,,,,,,,,,,,,,,,,,,,,,,,,,,,,,,,,,,,,,,,,,,,,,,,,,,,,,,,
4312785880,,,,,,,,,,bar,,,,,,,,,,,,,,,,,,,,,,,,,,,,,,,,,,,,,,,,,,,,,,,,,,,,,,,,,,,,,,,,,,,,,
4119000010,,,,,,,,,,pub,,,,,,,,,,,,,,,,,,,,,,,,,,,,,,,,,,,,,,,,,,,,,,,,,,,,,,,,,,,,,,,,,,,,,
3819471501,,,,,,,,,,,,,,,,,,,,,,,,,,,,,,,,,,,,,,,,,,,,,,,,,,,,,,,,,,,,,,,,,,tower,,,,,,,,,,,,,
4568952674,,,,,,,,,,,,,,,,,,,,,,,,,,,,,,,,,,,,,,,,,,,,,,,,,,,,,,,,,,,,,,,,,,tower,,,,,,,,,,,,,
3715804206,,,,,,,,,,,,,,,,,,,,,,,,,,,,,,,,,,,,,,,,,,,,,,,,,,,,,,,,,,,,,,,,,,tower,,,,,,,,,,,,,
4008209830,,,,,,,,,,,,,,,,,,,,,,,,,,,,,,,,,,,,,,,,,,,,,,,,,,,,,,,,,,,,,,,,,,tower,,,,,,,,,,,,,
4568952794,,,,,,,,,,,,,,,,,,,,,,,,,,,,,,,,,,,,,,,,,,,,,,,,,,,,,,,,,,,,,,,,,,tower,,,,,,,,,,,,,
3819471495,,,,,,,,,,,,,,,,,,,,,,,,,,,,,,,,,,,,,,,,,,,,,,,,,,,,,,,,,,,,,,,,,,tower,,,,,,,,,,,,,
2429948609,,,,,,,,,,,,,,,,,,,,,,,,,,,,,,,,,,,,,,,,,,,,,,,,,,,,,,,,,,,,,,,,,,tower,,,,,,,,,,,,,
3819471500,,,,,,,,,,,,,,,,,,,,,,,,,,,,,,,,,,,,,,,,,,,,,,,,,,,,,,,,,,,,,,,,,,tower,,,,,,,,,,,,,
2429948961,,,,,,,,,,,,,,,,,,,,,,,,,,,,,,,,,,,,,,,,,,,,,,,,,,,,,,,,,,,,,,,,,,tower,,,,,,,,,,,,,
4568952673,,,,,,,,,,,,,,,,,,,,,,,,,,,,,,,,,,,,,,,,,,,,,,,,,,,,,,,,,,,,,,,,,,tower,,,,,,,,,,,,,
4568952793,,,,,,,,,,,,,,,,,,,,,,,,,,,,,,,,,,,,,,,,,,,,,,,,,,,,,,,,,,,,,,,,,,tower,,,,,,,,,,,,,
3819471490,,,,,,,,,,,,,,,,,,,,,,,,,,,,,,,,,,,,,,,,,,,,,,,,,,,,,,,,,,,,,,,,,,tower,,,,,,,,,,,,,
4568952795,,,,,,,,,,,,,,,,,,,,,,,,,,,,,,,,,,,,,,,,,,,,,,,,,,,,,,,,,,,,,,,,,,tower,,,,,,,,,,,,,
4568952796,,,,,,,,,,,,,,,,,,,,,,,,,,,,,,,,,,,,,,,,,,,,,,,,,,,,,,,,,,,,,,,,,,tower,,,,,,,,,,,,,
4568952665,,,,,,,,,,,,,,,,,,,,,,,,,,,,,,,,,,,,,,,,,,,,,,,,,,,,,,,,,,,,,,,,,,tower,,,,,,,,,,,,,
4568952670,,,,,,,,,,,,,,,,,,,,,,,,,,,,,,,,,,,,,,,,,,,,,,,,,,,,,,,,,,,,,,,,,,tower,,,,,,,,,,,,,
2429948444,,,,,,,,,,,,,,,,,,,,,,,,,,,,,,,,,,,,,,,,,,,,,,,,,,,,,,,,,,,,,,,,,,tower,,,,,,,,,,,,,
7579079067,,,,,,,,,,,,,,,,,,,,,,,,,,,,,,,,,,,,,,,,,,,,,,,,,,,,,,,,,,,,,,,,,,tower,,,,,,,,,,,,,
4008209845,,,,,,,,,,,,,,,,,,,,,,,,,,,,,,,,,,,,,,,,,,,,,,,,,,,,,,,,,,,,,,,,,,tower,,,,,,,,,,,,,
3819471508,,,,,,,,,,,,,,,,,,,,,,,,,,,,,,,,,,,,,,,,,,,,,,,,,,,,,,,,,,,,,,,,,,tower,,,,,,,,,,,,,
1507135059,,,,,,yes,,,,,,,,,,,,,,,,,,,,,,,,,,,,,,,,,,,,,,,,,,,,,,,,,,,,,,,,,,,,,,,,,,,,,,,,,
1507135073,,,,,,yes,,,,,,,,,,,,,,,,,,,,,,,,,,,,,,,,,,,,,,,,,,,,,,,,,,,,,,,,,,,,,,,,,,,,,,,,,
1315192328,,,,,,,,,,,,,,,,,,,,,,,beauty,,,,,,,,,,,,,,,,,,,,,,,,,,,,,,,,,,,,,,,,,,,,,,,,,,,,,,,,
7121512686,,,,,,,,,,,,,,,,,,,,,,,beauty,,,,,,,,,,,,,,,,,,,,,,,,,,,,,,,,,,,,,,,,,,,,,,,,,,,,,,,,
1055522439,,,,,,,,,,,,,,,,,,,,,,,sports,,,,,,,,,,,,,,,,,,,,,,,,,,,,,,,,,,,,,,,,,,,,,,,,,,,,,,,,
1055522378,,,,,,,,,,,,,,,,,,,,,,,tailor,,,,,,,,,,,,,,,,,,,,,,,,,,,,,,,,,,,,,,,,,,,,,,,,,,,,,,,,
3007590545,,,,,,,Зеленоград,1,Крюковская площадь,,,,+7 916 2954667,,,iridium.shop@pandora-rus.ru,,,,,,0,jewelry,,,,,,,,,,,,,,www.pandora.net/ru-ru/stores/трц-иридиум,,,,,,,,,,,,,,,,,,,,,,,,,,,,,,,,,,,,,,,,,,
4964691621,,,,,,,,,,bank,,,,,,,,,,,,,,,,,,,,,,,,,,,,,,,,,,,,,,,,,,,,,,,,,,,,,,,,,,,,,,,,,,,,,
5722667062,,,,,,,,,,cafe,,,,,,,,,,,,,,,,,,,,,,,,,,,,,,,,,,,,,,,,,,,,,,,,,,,,,,,,,,,,,,,,,,,,,
1025341442,,,,,,,,,,cafe,,,,,,,,,,,,,,,,,,,,,,,,,,,,,,,,,,,,,,,,,,,,,,,,,,,,,,,,,,,,,,,,,,,,,
5979661585,,,,,,,,,,cafe,,,,,,,,,,,,,,,,,,,,,,,,,,,,,,,,,,,,,,,,,,,,,,,,,,,,,,,,,,,,,,,,,,,,,
1055522361,,,,,,,,,,cafe,,,,,,,,,,,,,,,,,,,,,,,,,,,,,,,,,,,,,,,,,,,,,,,,,,,,,,,,,,,,,,,,,,,,,
2068131547,,,,,,,,,,cafe,,,,,,,,,,,,,,,,,,,,,,,,,,,,,,,,,,,,,,,,,,,,,,,,,,,,,,,,,,,,,,,,,,,,,
6417898986,,,,,,,,,,cafe,,,,,,,,,,,,,,,,,,,,,,,,,,,,,,,,,,,,,,,,,,,,,,,,,,,,,,,,,,,,,,,,,,,,,
2012673161,,,,,,,,,,cafe,,,,,,,,,,,,,,,,,,,,,,,,,,,,,,,,,,,,,,,,,,,,,,,,,,,,,,,,,,,,,,,,,,,,,
5894171926,,,,,,,,,,cafe,,,,,,,,,,,,,,,,,,,,,,,,,,,,,,,,,,,,,,,,,,,,,,,,,,,,,,,,,,,,,,,,,,,,,
1634232254,,,,,,,,,,cafe,,,,,,,,,,,,,,,,,,,,,,,,,,,,,,,,,,,,,,,,,,,,,,,,,,,,,,,,,,,,,,,,,,,,,
6295856373,,,,,,,,,,cafe,,,,,,,,,,,,,,,,,,,,,,,,,,,,,,,,,,,,,,,,,,,,,,,,,,,,,,,,,,,,,,,,,,,,,
1132241687,,,,,,,,,,fuel,,,,,,,,,,,,,,,,,,,,,,,,,,,,,,,,,,,,,,,,,,,,,,,,,,,,,,,,,,,,,,,,,,,,,
1025341500,,,,,,,,,,taxi,,,,,,,,,,,,,,,,,,,,,,,,,,,,,,,,,,,,,,,,,,,,,,,,,,,,,,,,,,,,,,,,,,,,,
5859145888,,,,,,,,,,,,,,,,,,,,,,,,,,,,,,,,,,,,,,,,,,,,,,,,,,,,,,,,,,,,,,,,,,,,,,,,,,,,,,yes,
3955733729,,,,,,,,,,,,,,,,,,,,,,,,,,,,,,,,,,,,,,,,,,,,,,,,,,,,,,,,,,,,,,,,,,,,,,,,,,,,,,,yes
3957355302,,,,,,,,,,,,,,,,,,,,,,,,,,,,,,,,,,,,,,,,,,,,,,,,,,,,,,,,,,,,,,,,,,,,,,,,,,,,,,,yes
3958755743,,,,,,,,,,,,,,,,,,,,,,,,,,,,,,,,,,,,,,,,,,,,,,,,,,,,,,,,,,,,,,,,,,,,,,,,,,,,,,,yes
3958756733,,,,,,,,,,,,,,,,,,,,,,,,,,,,,,,,,,,,,,,,,,,,,,,,,,,,,,,,,,,,,,,,,,,,,,,,,,,,,,,yes
4089010230,,,,,,,,,,,,,,,,,,,,,,,,,,,,,,,,,,,,,,,,,,,,,,,,,,,,,,,,,,,,,,,,,,,,,,,,,,,,,,,yes
9253082412,,,,,,,,,,,,,,,,,,,,,,,,,,,,,,,,,,,,,,,,,,,,,,,,,,,,,,,,,,,,,,,,,,,,,,,,,,,,,,,yes
1674836310,,,,,,,,,,,,,,,,,,,,,,,,,,,,,,,,,,,,,,,,,,,,,,,,,,,,,,,,,,,,,,,,,,,,,,,,,,,,,,,yes
1859443804,,,,,,,,,,,,,,,,,,,,,,,,,,,,,,,,,,,,,,,,,,,,,,,,,,,,,,,,,,,,,,,,,,,,,,,,,,,,,,,yes
1918805782,,,,,,,,,,,,,,,,,,,,,,,,,,,,,,,,,,,,,,,,,,,,,,,,,,,,,,,,,,,,,,,,,,,,,,,,,,,,,,,yes
1922184304,,,,,,,,,,,,,,,,,,,,,,,,,,,,,,,,,,,,,,,,,,,,,,,,,,,,,,,,,,,,,,,,,,,,,,,,,,,,,,,yes
1927911481,,,,,,,,,,,,,,,,,,,,,,,,,,,,,,,,,,,,,,,,,,,,,,,,,,,,,,,,,,,,,,,,,,,,,,,,,,,,,,,yes
2080411057,,,,,,,,,,,,,,,,,,,,,,,,,,,,,,,,,,,,,,,,,,,,,,,,,,,,,,,,,,,,,,,,,,,,,,,,,,,,,,,yes
3955736833,,,,,,,,,,,,,,,,,,,,,,,,,,,,,,,,,,,,,,,,,,,,,,,,,,,,,,,,,,,,,,,,,,,,,,,,,,,,,,,yes
3980580804,,,,,,,,,,,,,,,,,,,,,,,,,,,,,,,,,,,,,,,,,,,,,,,,,,,,,,,,,,,,,,,,,,,,,,,,,,,,,,,yes
5901723587,,,,,,,,,,,,,,,,,,,,,,,,,,,,,,,,,,,,,,,,,,,,,,,,,,,,,,,,,,,,,,,,,,,,,,,,,,,,,,,yes
5902107003,,,,,,,,,,,,,,,,,,,,,,,,,,,,,,,,,,,,,,,,,,,,,,,,,,,,,,,,,,,,,,,,,,,,,,,,,,,,,,,yes
1674836332,,,,,,,,,,,,,,,,,,,,,,,,,,,,,,,,,,,,,,,,,,,,,,,,,,,,,,,,,,,,,,,,,,,,,,,,,,,,,,,yes
1674836461,,,,,,,,,,,,,,,,,,,,,,,,,,,,,,,,,,,,,,,,,,,,,,,,,,,,,,,,,,,,,,,,,,,,,,,,,,,,,,,yes
1944952142,,,,,,,,,,,,,,,,,,,,,,,,,,,,,,,,,,,,,,,,,,,,,,,,,,,,,,,,,,,,,,,,,,,,,,,,,,,,,,,yes
2080411021,,,,,,,,,,,,,,,,,,,,,,,,,,,,,,,,,,,,,,,,,,,,,,,,,,,,,,,,,,,,,,,,,,,,,,,,,,,,,,,yes
2082596263,,,,,,,,,,,,,,,,,,,,,,,,,,,,,,,,,,,,,,,,,,,,,,,,,,,,,,,,,,,,,,,,,,,,,,,,,,,,,,,yes
2404088276,,,,,,,,,,,,,,,,,,,,,,,,,,,,,,,,,,,,,,,,,,,,,,,,,,,,,,,,,,,,,,,,,,,,,,,,,,,,,,,yes
2404088416,,,,,,,,,,,,,,,,,,,,,,,,,,,,,,,,,,,,,,,,,,,,,,,,,,,,,,,,,,,,,,,,,,,,,,,,,,,,,,,yes
2404088428,,,,,,,,,,,,,,,,,,,,,,,,,,,,,,,,,,,,,,,,,,,,,,,,,,,,,,,,,,,,,,,,,,,,,,,,,,,,,,,yes
3958755737,,,,,,,,,,,,,,,,,,,,,,,,,,,,,,,,,,,,,,,,,,,,,,,,,,,,,,,,,,,,,,,,,,,,,,,,,,,,,,,yes
3958756754,,,,,,,,,,,,,,,,,,,,,,,,,,,,,,,,,,,,,,,,,,,,,,,,,,,,,,,,,,,,,,,,,,,,,,,,,,,,,,,yes
9253082414,,,,,,,,,,,,,,,,,,,,,,,,,,,,,,,,,,,,,,,,,,,,,,,,,,,,,,,,,,,,,,,,,,,,,,,,,,,,,,,yes
1853230527,,,,,,,,,,,,,,,,,,,,,,,,,,,,,,,,,,,,,,,,,,,,,,,,,,,,,,,,,,,,,,,,,,,,,,,,,,,,,,,yes
2080410957,,,,,,,,,,,,,,,,,,,,,,,,,,,,,,,,,,,,,,,,,,,,,,,,,,,,,,,,,,,,,,,,,,,,,,,,,,,,,,,yes
2082596318,,,,,,,,,,,,,,,,,,,,,,,,,,,,,,,,,,,,,,,,,,,,,,,,,,,,,,,,,,,,,,,,,,,,,,,,,,,,,,,yes
3958755694,,,,,,,,,,,,,,,,,,,,,,,,,,,,,,,,,,,,,,,,,,,,,,,,,,,,,,,,,,,,,,,,,,,,,,,,,,,,,,,yes
3958756773,,,,,,,,,,,,,,,,,,,,,,,,,,,,,,,,,,,,,,,,,,,,,,,,,,,,,,,,,,,,,,,,,,,,,,,,,,,,,,,yes
9253082413,,,,,,,,,,,,,,,,,,,,,,,,,,,,,,,,,,,,,,,,,,,,,,,,,,,,,,,,,,,,,,,,,,,,,,,,,,,,,,,yes
1674836478,,,,,,,,,,,,,,,,,,,,,,,,,,,,,,,,,,,,,,,,,,,,,,,,,,,,,,,,,,,,,,,,,,,,,,,,,,,,,,,yes
1674836497,,,,,,,,,,,,,,,,,,,,,,,,,,,,,,,,,,,,,,,,,,,,,,,,,,,,,,,,,,,,,,,,,,,,,,,,,,,,,,,yes
1843178588,,,,,,,,,,,,,,,,,,,,,,,,,,,,,,,,,,,,,,,,,,,,,,,,,,,,,,,,,,,,,,,,,,,,,,,,,,,,,,,yes
1853230528,,,,,,,,,,,,,,,,,,,,,,,,,,,,,,,,,,,,,,,,,,,,,,,,,,,,,,,,,,,,,,,,,,,,,,,,,,,,,,,yes
1867955652,,,,,,,,,,,,,,,,,,,,,,,,,,,,,,,,,,,,,,,,,,,,,,,,,,,,,,,,,,,,,,,,,,,,,,,,,,,,,,,yes
2398172419,,,,,,,,,,,,,,,,,,,,,,,,,,,,,,,,,,,,,,,,,,,,,,,,,,,,,,,,,,,,,,,,,,,,,,,,,,,,,,,yes
3351960442,,,,,,,,,,,,,,,,,,,,,,,,,,,,,,,,,,,,,,,,,,,,,,,,,,,,,,,,,,,,,,,,,,,,,,,,,,,,,,,yes
3957355478,,,,,,,,,,,,,,,,,,,,,,,,,,,,,,,,,,,,,,,,,,,,,,,,,,,,,,,,,,,,,,,,,,,,,,,,,,,,,,,yes
3957355554,,,,,,,,,,,,,,,,,,,,,,,,,,,,,,,,,,,,,,,,,,,,,,,,,,,,,,,,,,,,,,,,,,,,,,,,,,,,,,,yes
5645458848,,,,,,,,,,,,,,,,,,,,,,,,,,,,,,,,,,,,,,,,,,,,,,,,,,,,,,,,,,,,,,,,,,,,,,,,,,,,,,,yes
5645656840,,,,,,,,,,,,,,,,,,,,,,,,,,,,,,,,,,,,,,,,,,,,,,,,,,,,,,,,,,,,,,,,,,,,,,,,,,,,,,,yes
7873571141,,,,,,,,,,,,,,,,,,,,,,,,,,,,,,,,,,,,,,,,,,,,,,,,,,,,,,,,,,,,,,,,,,,,,,,,,,,,,,,yes
1927911599,,,,,,,,,,,,,,,,,,,,,,,,,,,,,,,,,,,,,,,,,,,,,,,,,,,,,,,,,,,,,,,,,,,,,,,,,,,,,,,yes
2082596290,,,,,,,,,,,,,,,,,,,,,,,,,,,,,,,,,,,,,,,,,,,,,,,,,,,,,,,,,,,,,,,,,,,,,,,,,,,,,,,yes
2082596301,,,,,,,,,,,,,,,,,,,,,,,,,,,,,,,,,,,,,,,,,,,,,,,,,,,,,,,,,,,,,,,,,,,,,,,,,,,,,,,yes
2082596307,,,,,,,,,,,,,,,,,,,,,,,,,,,,,,,,,,,,,,,,,,,,,,,,,,,,,,,,,,,,,,,,,,,,,,,,,,,,,,,yes
2085050209,,,,,,,,,,,,,,,,,,,,,,,,,,,,,,,,,,,,,,,,,,,,,,,,,,,,,,,,,,,,,,,,,,,,,,,,,,,,,,,yes
3958756558,,,,,,,,,,,,,,,,,,,,,,,,,,,,,,,,,,,,,,,,,,,,,,,,,,,,,,,,,,,,,,,,,,,,,,,,,,,,,,,yes
3960528287,,,,,,,,,,,,,,,,,,,,,,,,,,,,,,,,,,,,,,,,,,,,,,,,,,,,,,,,,,,,,,,,,,,,,,,,,,,,,,,yes
4114220318,,,,,,,,,,,,,,,,,,,,,,,,,,,,,,,,,,,,,,,,,,,,,,,,,,,,,,,,,,,,,,,,,,,,,,,,,,,,,,,yes
5901691510,,,,,,,,,,,,,,,,,,,,,,,,,,,,,,,,,,,,,,,,,,,,,,,,,,,,,,,,,,,,,,,,,,,,,,,,,,,,,,,yes
7873571140,,,,,,,,,,,,,,,,,,,,,,,,,,,,,,,,,,,,,,,,,,,,,,,,,,,,,,,,,,,,,,,,,,,,,,,,,,,,,,,yes
9252934976,,,,,,,,,,,,,,,,,,,,,,,,,,,,,,,,,,,,,,,,,,,,,,,,,,,,,,,,,,,,,,,,,,,,,,,,,,,,,,,yes
1674836436,,,,,,,,,,,,,,,,,,,,,,,,,,,,,,,,,,,,,,,,,,,,,,,,,,,,,,,,,,,,,,,,,,,,,,,,,,,,,,,yes
1867955636,,,,,,,,,,,,,,,,,,,,,,,,,,,,,,,,,,,,,,,,,,,,,,,,,,,,,,,,,,,,,,,,,,,,,,,,,,,,,,,yes
2082596264,,,,,,,,,,,,,,,,,,,,,,,,,,,,,,,,,,,,,,,,,,,,,,,,,,,,,,,,,,,,,,,,,,,,,,,,,,,,,,,yes
2398172418,,,,,,,,,,,,,,,,,,,,,,,,,,,,,,,,,,,,,,,,,,,,,,,,,,,,,,,,,,,,,,,,,,,,,,,,,,,,,,,yes
2707109280,,,,,,,,,,,,,,,,,,,,,,,,,,,,,,,,,,,,,,,,,,,,,,,,,,,,,,,,,,,,,,,,,,,,,,,,,,,,,,,yes
3958756603,,,,,,,,,,,,,,,,,,,,,,,,,,,,,,,,,,,,,,,,,,,,,,,,,,,,,,,,,,,,,,,,,,,,,,,,,,,,,,,yes
3958756693,,,,,,,,,,,,,,,,,,,,,,,,,,,,,,,,,,,,,,,,,,,,,,,,,,,,,,,,,,,,,,,,,,,,,,,,,,,,,,,yes
3980580789,,,,,,,,,,,,,,,,,,,,,,,,,,,,,,,,,,,,,,,,,,,,,,,,,,,,,,,,,,,,,,,,,,,,,,,,,,,,,,,yes
3988831914,,,,,,,,,,,,,,,,,,,,,,,,,,,,,,,,,,,,,,,,,,,,,,,,,,,,,,,,,,,,,,,,,,,,,,,,,,,,,,,yes
4089010229,,,,,,,,,,,,,,,,,,,,,,,,,,,,,,,,,,,,,,,,,,,,,,,,,,,,,,,,,,,,,,,,,,,,,,,,,,,,,,,yes
1867955518,,,,,,,,,,,,,,,,,,,,,,,,,,,,,,,,,,,,,,,,,,,,,,,,,,,,,,,,,,,,,,,,,,,,,,,,,,,,,,,yes
2319982857,,,,,,,,,,,,,,,,,,,,,,,,,,,,,,,,,,,,,,,,,,,,,,,,,,,,,,,,,,,,,,,,,,,,,,,,,,,,,,,yes
2319983043,,,,,,,,,,,,,,,,,,,,,,,,,,,,,,,,,,,,,,,,,,,,,,,,,,,,,,,,,,,,,,,,,,,,,,,,,,,,,,,yes
2404088406,,,,,,,,,,,,,,,,,,,,,,,,,,,,,,,,,,,,,,,,,,,,,,,,,,,,,,,,,,,,,,,,,,,,,,,,,,,,,,,yes
3955736814,,,,,,,,,,,,,,,,,,,,,,,,,,,,,,,,,,,,,,,,,,,,,,,,,,,,,,,,,,,,,,,,,,,,,,,,,,,,,,,yes
968711777,,,,,,,,,,,,,,,,,,,,,,,,,,,,,,,,,,,,,,,,,,,,,,,,,,,,,,,,,,,,,,,,,,,,,,,,,,,,,,,yes
1853230486,,,,,,,,,,,,,,,,,,,,,,,,,,,,,,,,,,,,,,,,,,,,,,,,,,,,,,,,,,,,,,,,,,,,,,,,,,,,,,,yes
1944952080,,,,,,,,,,,,,,,,,,,,,,,,,,,,,,,,,,,,,,,,,,,,,,,,,,,,,,,,,,,,,,,,,,,,,,,,,,,,,,,yes
2082596171,,,,,,,,,,,,,,,,,,,,,,,,,,,,,,,,,,,,,,,,,,,,,,,,,,,,,,,,,,,,,,,,,,,,,,,,,,,,,,,yes
2085050180,,,,,,,,,,,,,,,,,,,,,,,,,,,,,,,,,,,,,,,,,,,,,,,,,,,,,,,,,,,,,,,,,,,,,,,,,,,,,,,yes
2404088438,,,,,,,,,,,,,,,,,,,,,,,,,,,,,,,,,,,,,,,,,,,,,,,,,,,,,,,,,,,,,,,,,,,,,,,,,,,,,,,yes
3955736783,,,,,,,,,,,,,,,,,,,,,,,,,,,,,,,,,,,,,,,,,,,,,,,,,,,,,,,,,,,,,,,,,,,,,,,,,,,,,,,yes
3957355551,,,,,,,,,,,,,,,,,,,,,,,,,,,,,,,,,,,,,,,,,,,,,,,,,,,,,,,,,,,,,,,,,,,,,,,,,,,,,,,yes
9253082408,,,,,,,,,,,,,,,,,,,,,,,,,,,,,,,,,,,,,,,,,,,,,,,,,,,,,,,,,,,,,,,,,,,,,,,,,,,,,,,yes
3958755720,,,,,,,,,,,,,,,,,,,,,,,,,,,,,,,,,,,,,,,,,,,,,,,,,,,,,,,,,,,,,,,,,,,,,,,,,,,,,,,yes
